{
    "ALL": {
        "performance_sw": 0.304506655902489,
        "performance_fw": 0.5589236478915969,
        "val_loss": 3.0521826882668996,
        "annual_return_2022_2025": 0.008170294569027181,
        "annual_volatility_2022_2025": 0.028009289167961596,
        "sharpe_ratio_2022_2025": 0.3045066559024888,
        "downside_risk_2022_2025": 0.019778020151931797,
        "sortino_ratio_2022_2025": 0.43123704563061255,
        "max_drawdown_2022_2025": 0.04925438722614627,
        "calmar_ratio_2022_2025": 0.1658795292998803,
        "perc_pos_return_2022_2025": 0.5290858725761773,
        "profit_loss_ratio_2022_2025": 0.9442740939497054,
        "sharpe_ratio_2022": -0.5964830841371275,
        "sharpe_ratio_2023": 0.04268341607774118,
        "sharpe_ratio_2024": 2.722598180451133,
        "annual_return_2022_2025_0_5_bps": 0.0062018661279885645,
        "annual_volatility_2022_2025_0_5_bps": 0.028009932147337886,
        "sharpe_ratio_2022_2025_0_5_bps": 0.23472373372881905,
        "downside_risk_2022_2025_0_5_bps": 0.01983411534059697,
        "sortino_ratio_2022_2025_0_5_bps": 0.33147915811788065,
        "max_drawdown_2022_2025_0_5_bps": 0.05115614532397227,
        "calmar_ratio_2022_2025_0_5_bps": 0.12123403920901579,
        "perc_pos_return_2022_2025_0_5_bps": 0.5235457063711911,
        "profit_loss_ratio_2022_2025_0_5_bps": 0.9525069540421756,
        "sharpe_ratio_2022_0_5_bps": -0.6440724314331194,
        "sharpe_ratio_2023_0_5_bps": -0.04463257134304865,
        "sharpe_ratio_2024_0_5_bps": 2.615681878621394,
        "annual_return_2022_2025_1_0_bps": 0.004237263919732337,
        "annual_volatility_2022_2025_1_0_bps": 0.02801064113768226,
        "sharpe_ratio_2022_2025_1_0_bps": 0.16494362655879416,
        "downside_risk_2022_2025_1_0_bps": 0.01989046234792891,
        "sortino_ratio_2022_2025_1_0_bps": 0.2322810124103191,
        "max_drawdown_2022_2025_1_0_bps": 0.05305411558364789,
        "calmar_ratio_2022_2025_1_0_bps": 0.07986682791934671,
        "perc_pos_return_2022_2025_1_0_bps": 0.5193905817174516,
        "profit_loss_ratio_2022_2025_1_0_bps": 0.9554675514254019,
        "sharpe_ratio_2022_1_0_bps": -0.6916522057703878,
        "sharpe_ratio_2023_1_0_bps": -0.13194069161989017,
        "sharpe_ratio_2024_1_0_bps": 2.508715345693222,
        "annual_return_2022_2025_1_5_bps": 0.00227648053998597,
        "annual_volatility_2022_2025_1_5_bps": 0.02801141613398226,
        "sharpe_ratio_2022_2025_1_5_bps": 0.0951668275216008,
        "downside_risk_2022_2025_1_5_bps": 0.019947062436875298,
        "sortino_ratio_2022_2025_1_5_bps": 0.13364161346035602,
        "max_drawdown_2022_2025_1_5_bps": 0.05494830551737292,
        "calmar_ratio_2022_2025_1_5_bps": 0.0414294948415874,
        "perc_pos_return_2022_2025_1_5_bps": 0.5124653739612188,
        "profit_loss_ratio_2022_2025_1_5_bps": 0.9691084631356316,
        "sharpe_ratio_2022_1_5_bps": -0.7392222030073006,
        "sharpe_ratio_2023_1_5_bps": -0.21923999887783133,
        "sharpe_ratio_2024_1_5_bps": 2.4016996511097175,
        "annual_return_2022_2025_2_0_bps": 0.0003195085987450774,
        "annual_volatility_2022_2025_2_0_bps": 0.02801225713075954,
        "sharpe_ratio_2022_2025_2_0_bps": 0.025393829597887406,
        "downside_risk_2022_2025_2_0_bps": 0.020003918249741647,
        "sortino_ratio_2022_2025_2_0_bps": 0.03555995757180727,
        "max_drawdown_2022_2025_2_0_bps": 0.05683872262250754,
        "calmar_ratio_2022_2025_2_0_bps": 0.005621319128986818,
        "perc_pos_return_2022_2025_2_0_bps": 0.5096952908587258,
        "profit_loss_ratio_2022_2025_2_0_bps": 0.9667157527222949,
        "sharpe_ratio_2022_2_0_bps": -0.7867822192431732,
        "sharpe_ratio_2023_2_0_bps": -0.3065295477996641,
        "sharpe_ratio_2024_2_0_bps": 2.2946358670611686,
        "annual_return_2022_2025_2_5_bps": -0.0016336592797669969,
        "annual_volatility_2022_2025_2_5_bps": 0.028013164122069723,
        "sharpe_ratio_2022_2025_2_5_bps": -0.044374874397631145,
        "downside_risk_2022_2025_2_5_bps": 0.020061032549096854,
        "sortino_ratio_2022_2025_2_5_bps": -0.06196493806362099,
        "max_drawdown_2022_2025_2_5_bps": 0.0587253743816135,
        "calmar_ratio_2022_2025_2_5_bps": -0.02781862690480325,
        "perc_pos_return_2022_2025_2_5_bps": 0.5055401662049861,
        "profit_loss_ratio_2022_2025_2_5_bps": 0.9696825397322169,
        "sharpe_ratio_2022_2_5_bps": -0.8343320508225355,
        "sharpe_ratio_2023_2_5_bps": -0.3938083936769632,
        "sharpe_ratio_2024_2_5_bps": 2.187525068433665,
        "annual_return_2022_2025_3_0_bps": -0.003583030457109615,
        "annual_volatility_2022_2025_3_0_bps": 0.028014137101502964,
        "sharpe_ratio_2022_2025_3_0_bps": -0.11413879183354547,
        "downside_risk_2022_2025_3_0_bps": 0.020118408520481405,
        "sortino_ratio_2022_2025_3_0_bps": -0.15893403097812916,
        "max_drawdown_2022_2025_3_0_bps": 0.06060826826247049,
        "calmar_ratio_2022_2025_3_0_bps": -0.05911784909598348,
        "perc_pos_return_2022_2025_3_0_bps": 0.5041551246537396,
        "profit_loss_ratio_2022_2025_3_0_bps": 0.9619356827814854,
        "sharpe_ratio_2022_3_0_bps": -0.8818714943393774,
        "sharpe_ratio_2023_3_0_bps": -0.4810755924610486,
        "sharpe_ratio_2024_3_0_bps": 2.0803683327574425
    },
    "EQUITY_ETF": {
        "annual_return_2022_2025": 0.008170294569027181,
        "annual_volatility_2022_2025": 0.028009289167961596,
        "sharpe_ratio_2022_2025": 0.3045066559024888,
        "downside_risk_2022_2025": 0.019778020151931797,
        "sortino_ratio_2022_2025": 0.43123704563061255,
        "max_drawdown_2022_2025": 0.04925438722614627,
        "calmar_ratio_2022_2025": 0.1658795292998803,
        "perc_pos_return_2022_2025": 0.5290858725761773,
        "profit_loss_ratio_2022_2025": 0.9442740939497054,
        "sharpe_ratio_2022": -0.5964830841371275,
        "sharpe_ratio_2023": 0.04268341607774118,
        "sharpe_ratio_2024": 2.722598180451133,
        "annual_return_2022_2025_0_5_bps": 0.0062018661279885645,
        "annual_volatility_2022_2025_0_5_bps": 0.028009932147337886,
        "sharpe_ratio_2022_2025_0_5_bps": 0.23472373372881905,
        "downside_risk_2022_2025_0_5_bps": 0.01983411534059697,
        "sortino_ratio_2022_2025_0_5_bps": 0.33147915811788065,
        "max_drawdown_2022_2025_0_5_bps": 0.05115614532397227,
        "calmar_ratio_2022_2025_0_5_bps": 0.12123403920901579,
        "perc_pos_return_2022_2025_0_5_bps": 0.5235457063711911,
        "profit_loss_ratio_2022_2025_0_5_bps": 0.9525069540421756,
        "sharpe_ratio_2022_0_5_bps": -0.6440724314331194,
        "sharpe_ratio_2023_0_5_bps": -0.04463257134304865,
        "sharpe_ratio_2024_0_5_bps": 2.615681878621394,
        "annual_return_2022_2025_1_0_bps": 0.004237263919732337,
        "annual_volatility_2022_2025_1_0_bps": 0.02801064113768226,
        "sharpe_ratio_2022_2025_1_0_bps": 0.16494362655879416,
        "downside_risk_2022_2025_1_0_bps": 0.01989046234792891,
        "sortino_ratio_2022_2025_1_0_bps": 0.2322810124103191,
        "max_drawdown_2022_2025_1_0_bps": 0.05305411558364789,
        "calmar_ratio_2022_2025_1_0_bps": 0.07986682791934671,
        "perc_pos_return_2022_2025_1_0_bps": 0.5193905817174516,
        "profit_loss_ratio_2022_2025_1_0_bps": 0.9554675514254019,
        "sharpe_ratio_2022_1_0_bps": -0.6916522057703878,
        "sharpe_ratio_2023_1_0_bps": -0.13194069161989017,
        "sharpe_ratio_2024_1_0_bps": 2.508715345693222,
        "annual_return_2022_2025_1_5_bps": 0.00227648053998597,
        "annual_volatility_2022_2025_1_5_bps": 0.02801141613398226,
        "sharpe_ratio_2022_2025_1_5_bps": 0.0951668275216008,
        "downside_risk_2022_2025_1_5_bps": 0.019947062436875298,
        "sortino_ratio_2022_2025_1_5_bps": 0.13364161346035602,
        "max_drawdown_2022_2025_1_5_bps": 0.05494830551737292,
        "calmar_ratio_2022_2025_1_5_bps": 0.0414294948415874,